name,estimated_users,pricing_model,rating,confidence_score,website,description
Zoho,250000,Contact for pricing,N/A,0.5,https://www.zoho.com/crm/,"
                Zoho CRM is a cloud-based customer relationship management software for managing 
                sales, marketing, and customer support activities. Used by 250,000+ businesses. 
    "
Monday,180000,Contact for pricing,N/A,0.5,https://monday.com/crm/,"
                Monday.com CRM combines project management with customer relationship management. 
                Trusted by 180,000+ customers worldwide. Excellent for team collaboration. 
        "
ActiveCampaign,180000,Contact for pricing,N/A,0.5,https://www.activecampaign.com/,"
                ActiveCampaign combines email marketing, marketing automation, and CRM. 
                Over 180,000 customers in 170 countries. Excellent for marketing automation. 
                "
Salesforce,150000,Contact for pricing,N/A,0.5,https://www.salesforce.com/,"
                Salesforce is the world's #1 CRM platform trusted by 150,000+ companies. 
                Our cloud-based CRM software helps businesses manage customer relationships, 
               "
Hubspot,100000,Freemium,N/A,0.6,https://www.hubspot.com/products/crm,"
                HubSpot's free CRM software organizes, tracks, and nurtures your leads and customers. 
                Used by 100,000+ businesses worldwide. Free forever for unlimited users. 
      "
Pipedrive,N/A,Contact for pricing,N/A,0.5,https://www.pipedrive.com/,"
                Pipedrive is a sales CRM and pipeline management tool that helps 95,000+ sales teams 
                organize leads and deals. Simple, visual, and effective CRM software. 
          "
Best CRM Software,N/A,Contact for pricing,4.4,0.6,https://www.g2.com/categories/crm,"
                Compare the best CRM software based on 50,000+ user reviews. Top-rated CRM solutions 
                include Salesforce (4.4/5), HubSpot (4.5/5), and Pipedrive (4.2/5). 
            "
Marketsandmarkets,N/A,From $58.04/month,N/A,0.5,https://www.marketsandmarkets.com/Market-Reports/customer-relationship-management-crm-market-989.html,"
                The global CRM software market size is projected to grow from $58.04 billion in 2023 
                to $145.79 billion by 2029, at a CAGR of 16.9%. Key drivers include digital trans"
